{"reconstructions":{"size":186097,"path":"media/images/reconstructions_10_b2629771bd939668d857.png","format":"png","width":1000,"height":500,"_type":"image-file","sha256":"b2629771bd939668d85737298b77b451247570d0d9fabe1463da7bfe99f9a80f"},"train/gen_loss":0.275839435385198,"val/recons_loss":0.051474204286932945,"val/disc_loss":0.25307815407331175,"val/p_loss":0.058759249173677884,"epoch":10,"val/kl_loss":10712.356370192309,"best_epoch":6,"_wandb":{"runtime":2239},"best_val_loss":0.06713154039906538,"val/gen_loss":0.27152762791285145,"_step":10,"train/disc_loss":0.243578133534412,"train/kl_loss":10996.14342713648,"train/p_loss":0.057397336375956634,"train/recons_loss":0.045525977137137436,"train/total_g_loss":0.07605382602433769,"val/total_g_loss":0.08163874968886375,"_timestamp":1.7581111020414956e+09,"_runtime":2235.98407395}